Sentiment,Avg_Likes,Avg_Retweets
Neutral,73.21428571428571,25.25
Positive,77.26829268292683,22.24390243902439
Negative,66.58064516129032,21.387096774193548
