AgeGroup,Avg_Likes,Avg_Retweets
Senior,64.78571428571429,21.678571428571427
Teen,81.57142857142857,22.257142857142856
Adult,70.62162162162163,24.216216216216218
